Model,Best Params,Accuracy,Precision,Recall,F1-Score
Logistic Regression,{'C': 1},0.7631578947368421,0.75,0.7894736842105263,0.7692307692307693
SVM,"{'C': 10, 'kernel': 'rbf'}",0.8070175438596491,0.7333333333333333,0.9649122807017544,0.8333333333333334
KNN,{'n_neighbors': 3},0.8245614035087719,0.7681159420289855,0.9298245614035088,0.8412698412698413
Random Forest,"{'max_depth': None, 'n_estimators': 100}",0.8596491228070176,0.8360655737704918,0.8947368421052632,0.864406779661017
AdaBoost,"{'learning_rate': 1.0, 'n_estimators': 200}",0.7719298245614035,0.7246376811594203,0.8771929824561403,0.7936507936507936
Gradient Boosting,"{'learning_rate': 0.1, 'max_depth': 5, 'n_estimators': 100}",0.7982456140350878,0.7833333333333333,0.8245614035087719,0.8034188034188035
CatBoost,"{'depth': 7, 'iterations': 200, 'learning_rate': 0.1}",0.8421052631578947,0.819672131147541,0.8771929824561403,0.847457627118644
XGBoost,"{'learning_rate': 0.1, 'max_depth': 5, 'n_estimators': 200}",0.8421052631578947,0.8421052631578947,0.8421052631578947,0.8421052631578947
