Model,Best Params,Accuracy,Precision,Recall,F1-Score
Logistic Regression,{'C': 0.1},0.646481178396072,0.6615523465703971,0.599836333878887,0.6291845493562231
SVM,"{'C': 10, 'kernel': 'rbf'}",0.6526186579378068,0.6606373815676141,0.6276595744680851,0.6437263953000419
KNN,{'n_neighbors': 3},0.720949263502455,0.6904090267983075,0.8011456628477905,0.7416666666666667
Random Forest,"{'max_depth': None, 'n_estimators': 100}",0.7459083469721768,0.7364280094413848,0.7659574468085106,0.7509025270758123
AdaBoost,"{'learning_rate': 0.5, 'n_estimators': 100}",0.6432078559738135,0.6513840830449827,0.61620294599018,0.6333052985702271
Gradient Boosting,"{'learning_rate': 0.1, 'max_depth': 5, 'n_estimators': 100}",0.6898527004909983,0.6853035143769968,0.7021276595744681,0.6936135812449474
CatBoost,"{'depth': 7, 'iterations': 200, 'learning_rate': 0.1}",0.7103109656301145,0.7148829431438127,0.6996726677577741,0.707196029776675
XGBoost,"{'learning_rate': 0.1, 'max_depth': 7, 'n_estimators': 200}",0.7201309328968903,0.7155448717948718,0.7307692307692307,0.7230769230769231
