Model,Best Params,Accuracy,Precision,Recall,F1-Score
Logistic Regression,{'C': 10},0.6468903436988543,0.678963110667996,0.5572831423895254,0.6121348314606742
SVM,"{'C': 10, 'kernel': 'rbf'}",0.6689852700490998,0.7135470527404343,0.5646481178396072,0.6304248515303792
KNN,{'n_neighbors': 3},0.7557283142389526,0.7147766323024055,0.851063829787234,0.7769891669779604
Random Forest,"{'max_depth': None, 'n_estimators': 200}",0.8003273322422259,0.7876175548589341,0.8224222585924713,0.8046437149719776
AdaBoost,"{'learning_rate': 1.0, 'n_estimators': 100}",0.6624386252045826,0.673665791776028,0.630114566284779,0.6511627906976745
Gradient Boosting,"{'learning_rate': 0.1, 'max_depth': 5, 'n_estimators': 100}",0.7246317512274959,0.7270471464019851,0.7193126022913257,0.7231591937474291
CatBoost,"{'depth': 7, 'iterations': 200, 'learning_rate': 0.1}",0.7438625204582652,0.7462809917355372,0.7389525368248773,0.7425986842105263
XGBoost,"{'learning_rate': 0.1, 'max_depth': 7, 'n_estimators': 200}",0.7696399345335515,0.7646586345381526,0.779050736497545,0.7717875962707742
