Model,Best Params,Accuracy,Precision,Recall,F1-Score
Logistic Regression,{'C': 10},0.6091954022988506,0.601063829787234,0.6494252873563219,0.6243093922651933
SVM,"{'C': 10, 'kernel': 'rbf'}",0.6091954022988506,0.6032608695652174,0.6379310344827587,0.6201117318435754
KNN,{'n_neighbors': 3},0.6925287356321839,0.675392670157068,0.7413793103448276,0.7068493150684931
Random Forest,"{'max_depth': None, 'n_estimators': 200}",0.7298850574712644,0.7083333333333334,0.7816091954022989,0.7431693989071039
AdaBoost,"{'learning_rate': 1.0, 'n_estimators': 50}",0.6293103448275862,0.5957446808510638,0.8045977011494253,0.684596577017115
Gradient Boosting,"{'learning_rate': 0.1, 'max_depth': 5, 'n_estimators': 100}",0.6839080459770115,0.6777777777777778,0.7011494252873564,0.6892655367231638
CatBoost,"{'depth': 7, 'iterations': 200, 'learning_rate': 0.1}",0.735632183908046,0.7009803921568627,0.8218390804597702,0.7566137566137566
XGBoost,"{'learning_rate': 0.05, 'max_depth': 5, 'n_estimators': 200}",0.6724137931034483,0.65,0.7471264367816092,0.6951871657754011
