Model,Best Params,Accuracy,Precision,Recall,F1-Score
Logistic Regression,{'C': 0.1},0.632183908045977,0.6369047619047619,0.6149425287356322,0.6257309941520468
SVM,"{'C': 10, 'kernel': 'rbf'}",0.6752873563218391,0.6894409937888198,0.6379310344827587,0.6626865671641791
KNN,{'n_neighbors': 3},0.7528735632183908,0.7222222222222222,0.8218390804597702,0.7688172043010753
Random Forest,"{'max_depth': None, 'n_estimators': 100}",0.7959770114942529,0.7614213197969543,0.8620689655172413,0.8086253369272237
AdaBoost,"{'learning_rate': 1.0, 'n_estimators': 50}",0.6551724137931034,0.6238532110091743,0.7816091954022989,0.6938775510204082
Gradient Boosting,"{'learning_rate': 0.1, 'max_depth': 5, 'n_estimators': 100}",0.764367816091954,0.75,0.7931034482758621,0.770949720670391
CatBoost,"{'depth': 7, 'iterations': 200, 'learning_rate': 0.1}",0.7959770114942529,0.7814207650273224,0.8218390804597702,0.8011204481792717
XGBoost,"{'learning_rate': 0.1, 'max_depth': 7, 'n_estimators': 200}",0.7902298850574713,0.7759562841530054,0.8160919540229885,0.7955182072829131
