Model,Best Params,Accuracy,Precision,Recall,F1-Score
Logistic Regression,{'C': 0.01},0.71875,0.7916666666666666,0.59375,0.6785714285714286
SVM,"{'C': 10, 'kernel': 'rbf'}",0.734375,0.7142857142857143,0.78125,0.746268656716418
KNN,{'n_neighbors': 9},0.765625,0.717948717948718,0.875,0.7887323943661971
Random Forest,"{'max_depth': None, 'n_estimators': 50}",0.765625,0.7741935483870968,0.75,0.7619047619047619
AdaBoost,"{'learning_rate': 1.0, 'n_estimators': 50}",0.71875,0.71875,0.71875,0.71875
Gradient Boosting,"{'learning_rate': 0.1, 'max_depth': 5, 'n_estimators': 100}",0.8125,0.8125,0.8125,0.8125
CatBoost,"{'depth': 7, 'iterations': 100, 'learning_rate': 0.03}",0.71875,0.71875,0.71875,0.71875
XGBoost,"{'learning_rate': 0.1, 'max_depth': 7, 'n_estimators': 200}",0.8125,0.8846153846153846,0.71875,0.7931034482758621
