Model,Best Params,Accuracy,Precision,Recall,F1-Score
Logistic Regression,{'C': 10},0.703125,0.7096774193548387,0.6875,0.6984126984126984
SVM,"{'C': 10, 'kernel': 'rbf'}",0.84375,0.84375,0.84375,0.84375
KNN,{'n_neighbors': 3},0.859375,0.8484848484848485,0.875,0.8615384615384616
Random Forest,"{'max_depth': 10, 'n_estimators': 200}",0.921875,0.9090909090909091,0.9375,0.9230769230769231
AdaBoost,"{'learning_rate': 1.0, 'n_estimators': 200}",0.796875,0.8064516129032258,0.78125,0.7936507936507936
Gradient Boosting,"{'learning_rate': 0.1, 'max_depth': 5, 'n_estimators': 100}",0.90625,0.90625,0.90625,0.90625
CatBoost,"{'depth': 7, 'iterations': 200, 'learning_rate': 0.1}",0.96875,0.96875,0.96875,0.96875
XGBoost,"{'learning_rate': 0.05, 'max_depth': 5, 'n_estimators': 200}",0.921875,0.9354838709677419,0.90625,0.9206349206349206
