Model,Best Params,Accuracy,Precision,Recall,F1-Score
Logistic Regression,{'C': 0.1},0.8057366362451108,0.8,0.814621409921671,0.8072445019404916
SVM,"{'C': 10, 'kernel': 'rbf'}",0.9269882659713168,0.9118387909319899,0.9451697127937336,0.9282051282051282
KNN,{'n_neighbors': 3},0.9582790091264668,0.9249394673123487,0.9973890339425587,0.9597989949748744
Random Forest,"{'max_depth': None, 'n_estimators': 200}",0.9765319426336375,0.9573934837092731,0.9973890339425587,0.9769820971867008
AdaBoost,"{'learning_rate': 1.0, 'n_estimators': 200}",0.8409387222946545,0.8099762470308789,0.8903394255874674,0.8482587064676617
Gradient Boosting,"{'learning_rate': 0.1, 'max_depth': 5, 'n_estimators': 100}",0.9621903520208605,0.9359605911330049,0.9921671018276762,0.9632446134347274
CatBoost,"{'depth': 7, 'iterations': 200, 'learning_rate': 0.1}",0.9830508474576272,0.9671717171717171,1.0,0.9833119383825417
XGBoost,"{'learning_rate': 0.1, 'max_depth': 7, 'n_estimators': 200}",0.9791395045632334,0.9645569620253165,0.9947780678851175,0.9794344473007712
