Model,Best Params,Accuracy,Precision,Recall,F1-Score
Logistic Regression,{'C': 0.1},0.8005215123859192,0.7818627450980392,0.8328981723237598,0.8065739570164349
SVM,"{'C': 10, 'kernel': 'rbf'}",0.9139504563233377,0.8856447688564477,0.9503916449086162,0.9168765743073047
KNN,{'n_neighbors': 3},0.9582790091264668,0.9333333333333333,0.9869451697127938,0.9593908629441624
Random Forest,"{'max_depth': None, 'n_estimators': 50}",0.9661016949152542,0.9541984732824428,0.97911227154047,0.9664948453608248
AdaBoost,"{'learning_rate': 1.0, 'n_estimators': 200}",0.8578878748370273,0.8186046511627907,0.9190600522193212,0.8659286592865929
Gradient Boosting,"{'learning_rate': 0.1, 'max_depth': 5, 'n_estimators': 100}",0.9478487614080835,0.9255583126550868,0.9738903394255874,0.9491094147582697
CatBoost,"{'depth': 7, 'iterations': 200, 'learning_rate': 0.1}",0.9674054758800521,0.9475,0.9895561357702349,0.9680715197956578
XGBoost,"{'learning_rate': 0.1, 'max_depth': 7, 'n_estimators': 200}",0.9661016949152542,0.9541984732824428,0.97911227154047,0.9664948453608248
