Model,Best Params,Accuracy,Precision,Recall,F1-Score
Logistic Regression,{'C': 0.01},0.5625,0.5714285714285714,0.5,0.5333333333333333
SVM,"{'C': 10, 'kernel': 'rbf'}",0.5625,0.6,0.375,0.46153846153846156
KNN,{'n_neighbors': 3},0.59375,0.5789473684210527,0.6875,0.6285714285714286
Random Forest,"{'max_depth': 5, 'n_estimators': 200}",0.65625,0.6470588235294118,0.6875,0.6666666666666666
AdaBoost,"{'learning_rate': 0.5, 'n_estimators': 200}",0.625,0.6666666666666666,0.5,0.5714285714285714
Gradient Boosting,"{'learning_rate': 0.05, 'max_depth': 3, 'n_estimators': 50}",0.625,0.6428571428571429,0.5625,0.6
CatBoost,"{'depth': 5, 'iterations': 100, 'learning_rate': 0.1}",0.53125,0.5294117647058824,0.5625,0.5454545454545454
XGBoost,"{'learning_rate': 0.05, 'max_depth': 3, 'n_estimators': 100}",0.65625,0.6470588235294118,0.6875,0.6666666666666666
