Model,Best Params,Accuracy,Precision,Recall,F1-Score
Logistic Regression,{'C': 0.1},0.7,0.7045454545454546,0.6888888888888889,0.6966292134831461
SVM,"{'C': 10, 'kernel': 'rbf'}",0.6888888888888889,0.6976744186046512,0.6666666666666666,0.6818181818181818
KNN,{'n_neighbors': 5},0.7777777777777778,0.711864406779661,0.9333333333333333,0.8076923076923077
Random Forest,"{'max_depth': 10, 'n_estimators': 200}",0.8111111111111111,0.78,0.8666666666666667,0.8210526315789474
AdaBoost,"{'learning_rate': 0.5, 'n_estimators': 200}",0.7111111111111111,0.7021276595744681,0.7333333333333333,0.717391304347826
Gradient Boosting,"{'learning_rate': 0.1, 'max_depth': 3, 'n_estimators': 100}",0.8,0.8,0.8,0.8
CatBoost,"{'depth': 7, 'iterations': 200, 'learning_rate': 0.03}",0.8333333333333334,0.7884615384615384,0.9111111111111111,0.845360824742268
XGBoost,"{'learning_rate': 0.1, 'max_depth': 5, 'n_estimators': 200}",0.8,0.7872340425531915,0.8222222222222222,0.8043478260869565
