Model,Best Params,Accuracy,Precision,Recall,F1-Score
Logistic Regression,{'C': 0.1},0.7555555555555555,0.7948717948717948,0.6888888888888889,0.7380952380952381
SVM,"{'C': 10, 'kernel': 'rbf'}",0.8333333333333334,0.7777777777777778,0.9333333333333333,0.8484848484848485
KNN,{'n_neighbors': 5},0.8,0.7142857142857143,1.0,0.8333333333333334
Random Forest,"{'max_depth': None, 'n_estimators': 200}",0.9,0.86,0.9555555555555556,0.9052631578947369
AdaBoost,"{'learning_rate': 1.0, 'n_estimators': 200}",0.8444444444444444,0.7924528301886793,0.9333333333333333,0.8571428571428571
Gradient Boosting,"{'learning_rate': 0.1, 'max_depth': 5, 'n_estimators': 100}",0.8888888888888888,0.8431372549019608,0.9555555555555556,0.8958333333333334
CatBoost,"{'depth': 7, 'iterations': 200, 'learning_rate': 0.03}",0.8777777777777778,0.8148148148148148,0.9777777777777777,0.8888888888888888
XGBoost,"{'learning_rate': 0.1, 'max_depth': 5, 'n_estimators': 200}",0.8777777777777778,0.84,0.9333333333333333,0.8842105263157894
