Model,Best Params,Accuracy,Precision,Recall,F1-Score
Logistic Regression,{'C': 10},0.804,0.7753623188405797,0.856,0.8136882129277566
SVM,"{'C': 10, 'kernel': 'rbf'}",0.824,0.7547169811320755,0.96,0.8450704225352113
KNN,{'n_neighbors': 5},0.844,0.7945205479452054,0.928,0.8560885608856088
Random Forest,"{'max_depth': None, 'n_estimators': 200}",0.868,0.8333333333333334,0.92,0.8745247148288974
AdaBoost,"{'learning_rate': 0.5, 'n_estimators': 200}",0.752,0.7787610619469026,0.704,0.7394957983193278
Gradient Boosting,"{'learning_rate': 0.1, 'max_depth': 5, 'n_estimators': 100}",0.864,0.8226950354609929,0.928,0.8721804511278195
CatBoost,"{'depth': 7, 'iterations': 200, 'learning_rate': 0.1}",0.888,0.8540145985401459,0.936,0.8931297709923665
XGBoost,"{'learning_rate': 0.05, 'max_depth': 7, 'n_estimators': 200}",0.864,0.8226950354609929,0.928,0.8721804511278195
