Model,Best Params,Accuracy,Precision,Recall,F1-Score
Logistic Regression,{'C': 0.01},0.7773851590106007,0.7349397590361446,0.8652482269503546,0.7947882736156352
SVM,"{'C': 10, 'kernel': 'rbf'}",0.901060070671378,0.834319526627219,1.0,0.9096774193548387
KNN,{'n_neighbors': 3},0.9257950530035336,0.875,0.9929078014184397,0.9302325581395349
Random Forest,"{'max_depth': 10, 'n_estimators': 100}",0.9328621908127208,0.8860759493670886,0.9929078014184397,0.9364548494983278
AdaBoost,"{'learning_rate': 1.0, 'n_estimators': 200}",0.8515901060070671,0.7861271676300579,0.9645390070921985,0.8662420382165605
Gradient Boosting,"{'learning_rate': 0.05, 'max_depth': 5, 'n_estimators': 100}",0.9081272084805654,0.8616352201257862,0.9716312056737588,0.9133333333333333
CatBoost,"{'depth': 7, 'iterations': 200, 'learning_rate': 0.1}",0.9363957597173145,0.89171974522293,0.9929078014184397,0.9395973154362416
XGBoost,"{'learning_rate': 0.1, 'max_depth': 7, 'n_estimators': 200}",0.9222614840989399,0.8789808917197452,0.9787234042553191,0.9261744966442953
