Model,Best Params,Accuracy,Precision,Recall,F1-Score
Logistic Regression,{'C': 1},0.7561837455830389,0.7337662337662337,0.8014184397163121,0.7661016949152543
SVM,"{'C': 10, 'kernel': 'rbf'}",0.9646643109540636,0.9337748344370861,1.0,0.9657534246575342
KNN,{'n_neighbors': 3},0.9540636042402827,0.9155844155844156,1.0,0.9559322033898305
Random Forest,"{'max_depth': None, 'n_estimators': 50}",0.9858657243816255,0.9724137931034482,1.0,0.986013986013986
AdaBoost,"{'learning_rate': 1.0, 'n_estimators': 200}",0.950530035335689,0.9150326797385621,0.9929078014184397,0.9523809523809523
Gradient Boosting,"{'learning_rate': 0.1, 'max_depth': 5, 'n_estimators': 100}",0.9858657243816255,0.9724137931034482,1.0,0.986013986013986
CatBoost,"{'depth': 5, 'iterations': 200, 'learning_rate': 0.1}",0.9787985865724381,0.9591836734693877,1.0,0.9791666666666666
XGBoost,"{'learning_rate': 0.1, 'max_depth': 7, 'n_estimators': 200}",0.9823321554770318,0.9657534246575342,1.0,0.9825783972125436
