Model,Best Params,Accuracy,Precision,Recall,F1-Score
Logistic Regression,{'C': 0.01},0.7378378378378379,0.7268041237113402,0.7621621621621621,0.7440633245382586
SVM,"{'C': 10, 'kernel': 'rbf'}",0.7972972972972973,0.7522935779816514,0.8864864864864865,0.8138957816377171
KNN,{'n_neighbors': 3},0.8594594594594595,0.8064516129032258,0.9459459459459459,0.8706467661691543
Random Forest,"{'max_depth': None, 'n_estimators': 200}",0.8837837837837837,0.8413461538461539,0.9459459459459459,0.8905852417302799
AdaBoost,"{'learning_rate': 0.5, 'n_estimators': 50}",0.7351351351351352,0.6775510204081633,0.8972972972972973,0.772093023255814
Gradient Boosting,"{'learning_rate': 0.1, 'max_depth': 5, 'n_estimators': 100}",0.8621621621621621,0.8073394495412844,0.9513513513513514,0.8734491315136477
CatBoost,"{'depth': 7, 'iterations': 200, 'learning_rate': 0.1}",0.8675675675675676,0.8269230769230769,0.9297297297297298,0.8753180661577609
XGBoost,"{'learning_rate': 0.1, 'max_depth': 7, 'n_estimators': 200}",0.8567567567567568,0.8142857142857143,0.9243243243243243,0.8658227848101265
