Model,Best Params,Accuracy,Precision,Recall,F1-Score
Logistic Regression,{'C': 10},0.7351351351351352,0.7430167597765364,0.7189189189189189,0.7307692307692307
SVM,"{'C': 10, 'kernel': 'rbf'}",0.8297297297297297,0.7850467289719626,0.9081081081081082,0.8421052631578947
KNN,{'n_neighbors': 3},0.8621621621621621,0.7991071428571429,0.9675675675675676,0.8753056234718827
Random Forest,"{'max_depth': None, 'n_estimators': 100}",0.8945945945945946,0.8578431372549019,0.9459459459459459,0.8997429305912596
AdaBoost,"{'learning_rate': 1.0, 'n_estimators': 200}",0.772972972972973,0.7643979057591623,0.7891891891891892,0.776595744680851
Gradient Boosting,"{'learning_rate': 0.1, 'max_depth': 5, 'n_estimators': 100}",0.8702702702702703,0.8374384236453202,0.918918918918919,0.8762886597938144
CatBoost,"{'depth': 7, 'iterations': 200, 'learning_rate': 0.1}",0.8918918918918919,0.8403755868544601,0.9675675675675676,0.8994974874371859
XGBoost,"{'learning_rate': 0.1, 'max_depth': 7, 'n_estimators': 200}",0.8945945945945946,0.8443396226415094,0.9675675675675676,0.9017632241813602
