Model,Best Params,Accuracy,Precision,Recall,F1-Score
Logistic Regression,{'C': 0.1},0.7488584474885844,0.729957805907173,0.7899543378995434,0.7587719298245614
SVM,"{'C': 10, 'kernel': 'rbf'}",0.773972602739726,0.7380952380952381,0.8493150684931506,0.7898089171974523
KNN,{'n_neighbors': 3},0.860730593607306,0.8015267175572519,0.958904109589041,0.8731808731808732
Random Forest,"{'max_depth': None, 'n_estimators': 200}",0.860730593607306,0.8211382113821138,0.9223744292237442,0.8688172043010752
AdaBoost,"{'learning_rate': 1.0, 'n_estimators': 200}",0.7602739726027398,0.7298387096774194,0.8264840182648402,0.7751605995717344
Gradient Boosting,"{'learning_rate': 0.1, 'max_depth': 5, 'n_estimators': 100}",0.8378995433789954,0.8032786885245902,0.8949771689497716,0.8466522678185745
CatBoost,"{'depth': 7, 'iterations': 200, 'learning_rate': 0.1}",0.8561643835616438,0.812,0.9269406392694064,0.8656716417910447
XGBoost,"{'learning_rate': 0.1, 'max_depth': 7, 'n_estimators': 200}",0.8515981735159818,0.8130081300813008,0.91324200913242,0.8602150537634409
