Model,Best Params,Accuracy,Precision,Recall,F1-Score
Logistic Regression,{'C': 0.1},0.7945205479452054,0.7816593886462883,0.817351598173516,0.7991071428571429
SVM,"{'C': 10, 'kernel': 'rbf'}",0.906392694063927,0.8677685950413223,0.958904109589041,0.911062906724512
KNN,{'n_neighbors': 3},0.8949771689497716,0.8473895582329317,0.9634703196347032,0.9017094017094017
Random Forest,"{'max_depth': None, 'n_estimators': 200}",0.9155251141552512,0.8922413793103449,0.9452054794520548,0.917960088691796
AdaBoost,"{'learning_rate': 1.0, 'n_estimators': 200}",0.8721461187214612,0.8497854077253219,0.9041095890410958,0.8761061946902655
Gradient Boosting,"{'learning_rate': 0.1, 'max_depth': 5, 'n_estimators': 100}",0.910958904109589,0.8846153846153846,0.9452054794520548,0.9139072847682119
CatBoost,"{'depth': 7, 'iterations': 200, 'learning_rate': 0.1}",0.9360730593607306,0.9029535864978903,0.9771689497716894,0.9385964912280702
XGBoost,"{'learning_rate': 0.1, 'max_depth': 5, 'n_estimators': 200}",0.9223744292237442,0.8969957081545065,0.954337899543379,0.9247787610619469
