Model,Best Params,Accuracy,Precision,Recall,F1-Score
Logistic Regression,{'C': 0.01},0.6404040404040404,0.6619718309859155,0.5708502024291497,0.6130434782608696
SVM,"{'C': 10, 'kernel': 'rbf'}",0.705050505050505,0.6964980544747081,0.7246963562753036,0.7103174603174603
KNN,{'n_neighbors': 3},0.7353535353535353,0.7230769230769231,0.7611336032388664,0.7416173570019724
Random Forest,"{'max_depth': None, 'n_estimators': 200}",0.7656565656565657,0.73992673992674,0.8178137651821862,0.7769230769230769
AdaBoost,"{'learning_rate': 1.0, 'n_estimators': 100}",0.6707070707070707,0.6779661016949152,0.6477732793522267,0.6625258799171843
Gradient Boosting,"{'learning_rate': 0.05, 'max_depth': 5, 'n_estimators': 100}",0.7333333333333333,0.7169811320754716,0.7692307692307693,0.7421875
CatBoost,"{'depth': 7, 'iterations': 200, 'learning_rate': 0.1}",0.7535353535353535,0.7306273062730627,0.8016194331983806,0.7644787644787645
XGBoost,"{'learning_rate': 0.05, 'max_depth': 5, 'n_estimators': 200}",0.7474747474747475,0.7226277372262774,0.8016194331983806,0.7600767754318618
