Model,Best Params,Accuracy,Precision,Recall,F1-Score
Logistic Regression,{'C': 0.01},0.6404040404040404,0.6443514644351465,0.6234817813765182,0.6337448559670782
SVM,"{'C': 10, 'kernel': 'rbf'}",0.7474747474747475,0.73828125,0.7651821862348178,0.7514910536779325
KNN,{'n_neighbors': 3},0.7737373737373737,0.7528089887640449,0.8137651821862348,0.7821011673151751
Random Forest,"{'max_depth': None, 'n_estimators': 200}",0.8161616161616162,0.7910447761194029,0.8582995951417004,0.8233009708737864
AdaBoost,"{'learning_rate': 1.0, 'n_estimators': 200}",0.692929292929293,0.6938775510204082,0.6882591093117408,0.6910569105691057
Gradient Boosting,"{'learning_rate': 0.05, 'max_depth': 5, 'n_estimators': 50}",0.7434343434343434,0.7238805970149254,0.7854251012145749,0.7533980582524272
CatBoost,"{'depth': 7, 'iterations': 200, 'learning_rate': 0.1}",0.8101010101010101,0.7843866171003717,0.854251012145749,0.8178294573643411
XGBoost,"{'learning_rate': 0.1, 'max_depth': 7, 'n_estimators': 200}",0.795959595959596,0.7723880597014925,0.8380566801619433,0.8038834951456311
