Model,Best Params,Accuracy,Precision,Recall,F1-Score
Logistic Regression,{'C': 0.01},0.6492091388400703,0.6750515463917526,0.5753954305799649,0.6212523719165085
SVM,"{'C': 10, 'kernel': 'rbf'}",0.687170474516696,0.7118981297254278,0.6288224956063269,0.6677864874953341
KNN,{'n_neighbors': 3},0.7862917398945518,0.7386463521828304,0.886115992970123,0.8056887184403962
Random Forest,"{'max_depth': None, 'n_estimators': 200}",0.813884007029877,0.7935568704799474,0.8485061511423551,0.8201121114319687
AdaBoost,"{'learning_rate': 1.0, 'n_estimators': 200}",0.6667838312829526,0.6714853632092519,0.6530755711775044,0.662152530292231
Gradient Boosting,"{'learning_rate': 0.1, 'max_depth': 5, 'n_estimators': 100}",0.7137082601054482,0.7083618917066484,0.7265377855887521,0.7173347214992192
CatBoost,"{'depth': 7, 'iterations': 200, 'learning_rate': 0.1}",0.728646748681898,0.7254766031195841,0.735676625659051,0.7305410122164049
XGBoost,"{'learning_rate': 0.1, 'max_depth': 7, 'n_estimators': 200}",0.7662565905096661,0.7519122048553375,0.7947275922671353,0.7727272727272727
