Model,Best Params,Accuracy,Precision,Recall,F1-Score
Logistic Regression,{'C': 0.01},0.6527240773286468,0.6648956356736243,0.615817223198594,0.6394160583941606
SVM,"{'C': 10, 'kernel': 'rbf'}",0.6630931458699473,0.6659513590844063,0.654481546572935,0.6601666371210778
KNN,{'n_neighbors': 3},0.7374340949033392,0.7131587251498895,0.7943760984182777,0.7515796474891919
Random Forest,"{'max_depth': None, 'n_estimators': 200}",0.7653778558875219,0.75,0.7961335676625659,0.7723785166240409
AdaBoost,"{'learning_rate': 1.0, 'n_estimators': 200}",0.6551845342706503,0.6517703678239944,0.6664323374340949,0.6590198123044838
Gradient Boosting,"{'learning_rate': 0.1, 'max_depth': 5, 'n_estimators': 100}",0.6876977152899825,0.6832532601235415,0.6998242530755712,0.6914394860218788
CatBoost,"{'depth': 7, 'iterations': 200, 'learning_rate': 0.1}",0.696133567662566,0.6933471933471933,0.7033391915641476,0.698307450706683
XGBoost,"{'learning_rate': 0.1, 'max_depth': 7, 'n_estimators': 200}",0.7175746924428823,0.7051027170311465,0.7479789103690685,0.72590823810336
